Filename, Fuzzy Messages, Total Messages, Fuzzy Words, Total Words, Achievement
all-config.adoc.po, 19775, 19775, 273158, 273158, 0%
deploying-to-kubernetes.adoc.po, 3888, 3888, 47374, 47374, 0%
all-builditems.adoc.po, 3741, 3741, 44648, 44648, 0%
security-oidc-configuration-properties-reference.adoc.po, 1083, 1083, 18834, 18834, 0%
deploying-to-openshift.adoc.po, 1403, 1403, 16283, 16283, 0%
dev-services.adoc.po, 889, 889, 15841, 15841, 0%
kafka.adoc.po, 934, 934, 15816, 15816, 0%
hibernate-orm.adoc.po, 933, 933, 15491, 15491, 0%
logging.adoc.po, 1506, 1506, 15164, 15164, 0%
hibernate-search-orm-elasticsearch.adoc.po, 906, 906, 14988, 14988, 0%
quarkus-maven-plugin.adoc.po, 1214, 1214, 14746, 14746, 0%
tls-registry-reference.adoc.po, 865, 865, 14280, 14280, 0%
qute-reference.adoc.po, 853, 853, 13659, 13659, 0%
rest-client.adoc.po, 765, 765, 12484, 12484, 0%
security-oidc-expanded-configuration.adoc.po, 757, 757, 12457, 12457, 0%
writing-extensions.adoc.po, 598, 598, 11880, 11880, 0%
datasource.adoc.po, 971, 971, 11271, 11271, 0%
management-interface-reference.adoc.po, 686, 686, 11117, 11117, 0%
native-reference.adoc.po, 381, 381, 10531, 10531, 0%
security-oidc-code-flow-authentication.adoc.po, 471, 471, 10333, 10333, 0%
hibernate-reactive.adoc.po, 635, 635, 9872, 9872, 0%
hibernate-search-standalone-elasticsearch.adoc.po, 571, 571, 9446, 9446, 0%
opentelemetry.adoc.po, 704, 704, 9419, 9419, 0%
security-openid-connect-client-reference.adoc.po, 609, 609, 9156, 9156, 0%
redis-reference.adoc.po, 708, 708, 9105, 9105, 0%
infinispan-client-reference.adoc.po, 560, 560, 9083, 9083, 0%
openapi-swaggerui.adoc.po, 664, 664, 8920, 8920, 0%
building-native-image.adoc.po, 511, 511, 8879, 8879, 0%
rest.adoc.po, 575, 575, 8831, 8831, 0%
maven-tooling.adoc.po, 490, 490, 8742, 8742, 0%
container-image.adoc.po, 482, 482, 8298, 8298, 0%
cdi-reference.adoc.po, 405, 405, 8144, 8144, 0%
security-authentication-mechanisms.adoc.po, 490, 490, 7989, 7989, 0%
resteasy-client.adoc.po, 509, 509, 7948, 7948, 0%
websockets-next-reference.adoc.po, 437, 437, 7764, 7764, 0%
pulsar.adoc.po, 640, 640, 7589, 7589, 0%
mongodb.adoc.po, 463, 463, 6904, 6904, 0%
telemetry-micrometer.adoc.po, 462, 462, 6629, 6629, 0%
reactive-sql-clients.adoc.po, 574, 574, 6555, 6555, 0%
http-reference.adoc.po, 571, 571, 6543, 6543, 0%
dev-ui.adoc.po, 517, 517, 6207, 6207, 0%
vertx-reference.adoc.po, 547, 547, 5951, 5951, 0%
security-openid-connect-dev-services.adoc.po, 279, 279, 5949, 5949, 0%
security-webauthn.adoc.po, 305, 305, 5349, 5349, 0%
getting-started-testing.adoc.po, 263, 263, 5302, 5302, 0%
security-oidc-auth0-tutorial.adoc.po, 205, 205, 5225, 5225, 0%
security-oidc-bearer-token-authentication.adoc.po, 243, 243, 5061, 5061, 0%
smallrye-graphql.adoc.po, 385, 385, 4982, 4982, 0%
mailer-reference.adoc.po, 384, 384, 4881, 4881, 0%
security-jwt.adoc.po, 373, 373, 4866, 4866, 0%
config-reference.adoc.po, 286, 286, 4805, 4805, 0%
aesh.adoc.po, 344, 344, 4682, 4682, 0%
smallrye-fault-tolerance.adoc.po, 391, 391, 4479, 4479, 0%
transaction.adoc.po, 227, 227, 4343, 4343, 0%
cache.adoc.po, 249, 249, 4342, 4342, 0%
kafka-streams.adoc.po, 336, 336, 4331, 4331, 0%
gradle-tooling.adoc.po, 255, 255, 4130, 4130, 0%
security-authorize-web-endpoints-reference.adoc.po, 213, 213, 3852, 3852, 0%
security-keycloak-authorization.adoc.po, 345, 345, 3782, 3782, 0%
cyclonedx.adoc.po, 208, 208, 3683, 3683, 0%
security-openid-connect-multitenancy.adoc.po, 218, 218, 3656, 3656, 0%
messaging.adoc.po, 202, 202, 3628, 3628, 0%
continuous-testing.adoc.po, 224, 224, 3627, 3627, 0%
quartz.adoc.po, 276, 276, 3613, 3613, 0%
amqp-reference.adoc.po, 269, 269, 3580, 3580, 0%
mongodb-panache.adoc.po, 192, 192, 3576, 3576, 0%
flyway.adoc.po, 261, 261, 3482, 3482, 0%
grpc-service-consumption.adoc.po, 322, 322, 3237, 3237, 0%
qute.adoc.po, 192, 192, 3233, 3233, 0%
kubernetes-client.adoc.po, 237, 237, 3227, 3227, 0%
compose-dev-services.adoc.po, 269, 269, 3200, 3200, 0%
hibernate-reactive-panache.adoc.po, 162, 162, 3159, 3159, 0%
building-my-first-extension.adoc.po, 172, 172, 3113, 3113, 0%
grpc-service-implementation.adoc.po, 270, 270, 3093, 3093, 0%
validation.adoc.po, 169, 169, 3092, 3092, 0%
security-vertx-oidc-to-quarkus-oidc-migration.adoc.po, 132, 132, 3088, 3088, 0%
security-openid-connect-providers.adoc.po, 157, 157, 3079, 3079, 0%
databases-dev-services.adoc.po, 190, 190, 3067, 3067, 0%
elasticsearch.adoc.po, 230, 230, 3052, 3052, 0%
smallrye-health.adoc.po, 203, 203, 3043, 3043, 0%
virtual-threads.adoc.po, 146, 146, 2987, 2987, 0%
scheduler-reference.adoc.po, 174, 174, 2907, 2907, 0%
cassandra.adoc.po, 158, 158, 2888, 2888, 0%
resteasy.adoc.po, 172, 172, 2814, 2814, 0%
hibernate-orm-panache.adoc.po, 148, 148, 2684, 2684, 0%
cdi-integration.adoc.po, 152, 152, 2651, 2651, 0%
aws-lambda.adoc.po, 142, 142, 2646, 2646, 0%
quarkus-data-hibernate.adoc.po, 215, 215, 2595, 2595, 0%
security-openid-connect-client-registration.adoc.po, 194, 194, 2528, 2528, 0%
opentelemetry-tracing.adoc.po, 205, 205, 2493, 2493, 0%
writing-native-applications-tips.adoc.po, 109, 109, 2402, 2402, 0%
rabbitmq-reference.adoc.po, 251, 251, 2368, 2368, 0%
doc-reference.adoc.po, 258, 258, 2306, 2306, 0%
jfr.adoc.po, 138, 138, 2223, 2223, 0%
class-loading-reference.adoc.po, 95, 95, 2201, 2201, 0%
infinispan-dev-services.adoc.po, 125, 125, 2190, 2190, 0%
aws-lambda-http.adoc.po, 114, 114, 2133, 2133, 0%
cli-tooling.adoc.po, 169, 169, 2086, 2086, 0%
jreleaser.adoc.po, 72, 72, 2074, 2074, 0%
centralized-log-management.adoc.po, 181, 181, 2060, 2060, 0%
cdi.adoc.po, 109, 109, 2028, 2028, 0%
software-transactional-memory.adoc.po, 45, 45, 1999, 1999, 0%
doc-contribute-docs-howto.adoc.po, 138, 138, 1992, 1992, 0%
reactive-routes.adoc.po, 152, 152, 1972, 1972, 0%
security-csrf-prevention.adoc.po, 139, 139, 1941, 1941, 0%
kafka-schema-registry-avro.adoc.po, 127, 127, 1923, 1923, 0%
mutiny-primer.adoc.po, 125, 125, 1922, 1922, 0%
azure-functions-http.adoc.po, 163, 163, 1902, 1902, 0%
rabbitmq-dev-services.adoc.po, 146, 146, 1872, 1872, 0%
opentelemetry-metrics.adoc.po, 191, 191, 1871, 1871, 0%
azure-functions.adoc.po, 162, 162, 1868, 1868, 0%
security-openid-connect-client.adoc.po, 136, 136, 1855, 1855, 0%
security-oauth2.adoc.po, 134, 134, 1816, 1816, 0%
security-getting-started-tutorial.adoc.po, 129, 129, 1812, 1812, 0%
kafka-dev-services.adoc.po, 117, 117, 1799, 1799, 0%
tests-with-coverage.adoc.po, 149, 149, 1770, 1770, 0%
security-jdbc.adoc.po, 169, 169, 1767, 1767, 0%
rest-json.adoc.po, 111, 111, 1743, 1743, 0%
elasticsearch-dev-services.adoc.po, 101, 101, 1737, 1737, 0%
spring-cloud-config-client.adoc.po, 169, 169, 1727, 1727, 0%
extension-codestart.adoc.po, 140, 140, 1704, 1704, 0%
getting-started-reactive.adoc.po, 80, 80, 1695, 1695, 0%
security-jwt-build.adoc.po, 134, 134, 1670, 1670, 0%
quarkus-reactive-architecture.adoc.po, 66, 66, 1660, 1660, 0%
rest-data-panache.adoc.po, 113, 113, 1653, 1653, 0%
gcp-functions.adoc.po, 105, 105, 1643, 1643, 0%
proxy-registry.adoc.po, 156, 156, 1630, 1630, 0%
security-ldap.adoc.po, 166, 166, 1629, 1629, 0%
blaze-persistence.adoc.po, 71, 71, 1616, 1616, 0%
signals.adoc.po, 112, 112, 1603, 1603, 0%
extension-metadata.adoc.po, 85, 85, 1598, 1598, 0%
performance-measure.adoc.po, 115, 115, 1585, 1585, 0%
kafka-schema-registry-json-schema.adoc.po, 109, 109, 1583, 1583, 0%
drools.adoc.po, 73, 73, 1582, 1582, 0%
smallrye-graphql-client.adoc.po, 73, 73, 1573, 1573, 0%
security-cors.adoc.po, 103, 103, 1567, 1567, 0%
kotlin.adoc.po, 102, 102, 1555, 1555, 0%
kubernetes-dev-services.adoc.po, 86, 86, 1532, 1532, 0%
kubernetes-config.adoc.po, 91, 91, 1517, 1517, 0%
funqy-knative-events.adoc.po, 72, 72, 1500, 1500, 0%
liquibase.adoc.po, 154, 154, 1496, 1496, 0%
extension-registry-user.adoc.po, 86, 86, 1491, 1491, 0%
security-customization.adoc.po, 78, 78, 1478, 1478, 0%
vertx.adoc.po, 97, 97, 1473, 1473, 0%
cache-redis-reference.adoc.po, 105, 105, 1468, 1468, 0%
duplicated-context.adoc.po, 70, 70, 1467, 1467, 0%
stork-kubernetes.adoc.po, 92, 92, 1445, 1445, 0%
extension-maturity-matrix.adoc.po, 67, 67, 1441, 1441, 0%
platform.adoc.po, 60, 60, 1424, 1424, 0%
telemetry-opentracing-to-otel-tutorial.adoc.po, 131, 131, 1408, 1408, 0%
agent-mcp.adoc.po, 106, 106, 1405, 1405, 0%
security-oidc-bearer-token-authentication-tutorial.adoc.po, 108, 108, 1395, 1395, 0%
testing-components.adoc.po, 70, 70, 1393, 1393, 0%
spring-security.adoc.po, 121, 121, 1358, 1358, 0%
load-shedding-reference.adoc.po, 103, 103, 1348, 1348, 0%
getting-started-dev-services.adoc.po, 100, 100, 1346, 1346, 0%
spring-data-jpa.adoc.po, 107, 107, 1345, 1345, 0%
deploying-to-google-cloud.adoc.po, 89, 89, 1341, 1341, 0%
pulsar-getting-started.adoc.po, 90, 90, 1326, 1326, 0%
funqy-gcp-functions.adoc.po, 90, 90, 1317, 1317, 0%
spring-web.adoc.po, 139, 139, 1315, 1315, 0%
extension-writing-dev-service.adoc.po, 76, 76, 1301, 1301, 0%
funqy-aws-lambda.adoc.po, 82, 82, 1297, 1297, 0%
lifecycle.adoc.po, 85, 85, 1294, 1294, 0%
rabbitmq.adoc.po, 92, 92, 1288, 1288, 0%
web.adoc.po, 70, 70, 1288, 1288, 0%
spring-di.adoc.po, 109, 109, 1285, 1285, 0%
native-and-ssl.adoc.po, 94, 94, 1274, 1274, 0%
kafka-getting-started.adoc.po, 89, 89, 1272, 1272, 0%
spring-data-rest.adoc.po, 125, 125, 1265, 1265, 0%
doc-create-tutorial.adoc.po, 95, 95, 1264, 1264, 0%
scheduler.adoc.po, 106, 106, 1231, 1231, 0%
security-properties.adoc.po, 94, 94, 1209, 1209, 0%
deploying-to-heroku.adoc.po, 85, 85, 1181, 1181, 0%
scripting.adoc.po, 81, 81, 1170, 1170, 0%
security-oidc-code-flow-authentication-tutorial.adoc.po, 88, 88, 1168, 1168, 0%
amqp.adoc.po, 83, 83, 1161, 1161, 0%
security-keycloak-admin-client.adoc.po, 110, 110, 1160, 1160, 0%
getting-started.adoc.po, 80, 80, 1148, 1148, 0%
stork.adoc.po, 84, 84, 1142, 1142, 0%
aot.adoc.po, 103, 103, 1133, 1133, 0%
assistant.adoc.po, 103, 103, 1111, 1111, 0%
resteasy-client-multipart.adoc.po, 74, 74, 1110, 1110, 0%
jar-tree-shaking.adoc.po, 58, 58, 1109, 1109, 0%
liquibase-mongodb.adoc.po, 131, 131, 1099, 1099, 0%
grpc-generation-reference.adoc.po, 99, 99, 1094, 1094, 0%
rest-migration.adoc.po, 93, 93, 1079, 1079, 0%
command-mode-reference.adoc.po, 71, 71, 1074, 1074, 0%
amqp-dev-services.adoc.po, 65, 65, 1069, 1069, 0%
telemetry-micrometer-tutorial.adoc.po, 79, 79, 1047, 1047, 0%
infinispan-client.adoc.po, 82, 82, 1012, 1012, 0%
reactive-event-bus.adoc.po, 76, 76, 1011, 1011, 0%
lra-dev-services.adoc.po, 63, 63, 1005, 1005, 0%
cache-infinispan-reference.adoc.po, 73, 73, 1002, 1002, 0%
observability-devservices-lgtm.adoc.po, 67, 67, 1002, 1002, 0%
pulsar-dev-services.adoc.po, 62, 62, 985, 985, 0%
redis.adoc.po, 93, 93, 983, 983, 0%
context-propagation.adoc.po, 71, 71, 976, 976, 0%
telemetry-micrometer-to-opentelemetry.adoc.po, 106, 106, 948, 948, 0%
lra.adoc.po, 20, 20, 940, 940, 0%
redis-dev-services.adoc.po, 56, 56, 938, 938, 0%
picocli.adoc.po, 64, 64, 924, 924, 0%
stork-manual-service-registration.adoc.po, 81, 81, 911, 911, 0%
mongodb-dev-services.adoc.po, 55, 55, 908, 908, 0%
rest-virtual-threads.adoc.po, 68, 68, 897, 897, 0%
extension-faq.adoc.po, 40, 40, 889, 889, 0%
jms.adoc.po, 69, 69, 885, 885, 0%
podman.adoc.po, 25, 25, 876, 876, 0%
conditional-extension-dependencies.adoc.po, 41, 41, 871, 871, 0%
ansible.adoc.po, 34, 34, 860, 860, 0%
config.adoc.po, 84, 84, 855, 855, 0%
credentials-provider.adoc.po, 50, 50, 853, 853, 0%
spring-scheduled.adoc.po, 72, 72, 843, 843, 0%
mailer.adoc.po, 73, 73, 837, 837, 0%
dev-mcp.adoc.po, 44, 44, 816, 816, 0%
grpc-reference.adoc.po, 54, 54, 811, 811, 0%
config-extending-support.adoc.po, 54, 54, 809, 809, 0%
opentelemetry-logging.adoc.po, 66, 66, 789, 789, 0%
config-mappings.adoc.po, 56, 56, 784, 784, 0%
stork-reference.adoc.po, 73, 73, 781, 781, 0%
stork-registration.adoc.po, 83, 83, 780, 780, 0%
spring-cache.adoc.po, 63, 63, 775, 775, 0%
security-jpa.adoc.po, 48, 48, 772, 772, 0%
dev-mode-differences.adoc.po, 47, 47, 766, 766, 0%
jlink.adoc.po, 65, 65, 764, 764, 0%
websockets-next-tutorial.adoc.po, 62, 62, 763, 763, 0%
deploying-to-azure-cloud.adoc.po, 55, 55, 755, 755, 0%
grpc-getting-started.adoc.po, 52, 52, 753, 753, 0%
spring-boot-properties.adoc.po, 67, 67, 750, 750, 0%
messaging-virtual-threads.adoc.po, 42, 42, 736, 736, 0%
security-testing.adoc.po, 40, 40, 695, 695, 0%
security-overview.adoc.po, 48, 48, 691, 691, 0%
funqy.adoc.po, 20, 20, 689, 689, 0%
gcp-functions-http.adoc.po, 60, 60, 687, 687, 0%
spring-tx.adoc.po, 83, 83, 678, 678, 0%
modularity.adoc.po, 24, 24, 670, 670, 0%
modularity-reference.adoc.po, 37, 37, 668, 668, 0%
funqy-http.adoc.po, 44, 44, 667, 667, 0%
info.adoc.po, 78, 78, 664, 664, 0%
observability.adoc.po, 57, 57, 630, 630, 0%
websockets.adoc.po, 55, 55, 621, 621, 0%
init-tasks.adoc.po, 37, 37, 618, 618, 0%
hibernate-orm-panache-kotlin.adoc.po, 25, 25, 607, 607, 0%
doc-concept.adoc.po, 41, 41, 605, 605, 0%
security-proactive-authentication.adoc.po, 23, 23, 603, 603, 0%
capabilities.adoc.po, 38, 38, 589, 589, 0%
security-architecture.adoc.po, 38, 38, 555, 555, 0%
mongodb-panache-kotlin.adoc.po, 21, 21, 543, 543, 0%
reaugmentation.adoc.po, 18, 18, 529, 529, 0%
security-basic-authentication.adoc.po, 36, 36, 528, 528, 0%
config-secrets.adoc.po, 30, 30, 520, 520, 0%
build-analytics.adoc.po, 45, 45, 494, 494, 0%
config-yaml.adoc.po, 28, 28, 493, 493, 0%
deploying-to-openshift-howto.adoc.po, 32, 32, 467, 467, 0%
deploying-to-openshift-docker-howto.adoc.po, 30, 30, 420, 420, 0%
upx.adoc.po, 33, 33, 413, 413, 0%
spring-test.adoc.po, 56, 56, 402, 402, 0%
deploying-to-openshift-s2i-howto.adoc.po, 36, 36, 400, 400, 0%
deploying-to-openshift-native-howto.adoc.po, 31, 31, 388, 388, 0%
aws-lambda-snapstart.adoc.po, 30, 30, 382, 382, 0%
apicurio-registry-dev-services.adoc.po, 21, 21, 375, 375, 0%
update-quarkus.adoc.po, 30, 30, 363, 363, 0%
grpc-virtual-threads.adoc.po, 14, 14, 324, 324, 0%
web-dependency-locator.adoc.po, 24, 24, 315, 315, 0%
security-basic-authentication-howto.adoc.po, 27, 27, 306, 306, 0%
grpc-xds.adoc.po, 40, 40, 281, 281, 0%
funqy-gcp-functions-http.adoc.po, 14, 14, 267, 267, 0%
quarkus-runtime-base-image.adoc.po, 16, 16, 266, 266, 0%
observability-devservices.adoc.po, 10, 10, 265, 265, 0%
funqy-aws-lambda-http.adoc.po, 14, 14, 264, 264, 0%
grpc-kubernetes.adoc.po, 13, 13, 259, 259, 0%
security-vulnerability-detection.adoc.po, 19, 19, 252, 252, 0%
ide-tooling.adoc.po, 49, 49, 217, 217, 0%
README.adoc.po, 21, 21, 195, 195, 0%
security-identity-providers.adoc.po, 13, 13, 187, 187, 0%
grpc.adoc.po, 19, 19, 151, 151, 0%
tooling.adoc.po, 18, 18, 151, 151, 0%
funqy-azure-functions-http.adoc.po, 6, 6, 109, 109, 0%
kafka-dev-ui.adoc.po, 7, 7, 71, 71, 0%
camel.adoc.po, 3, 3, 54, 54, 0%
grpc-cli.adoc.po, 9, 9, 40, 40, 0%
guides.md.po, 3, 3, 5, 5, 0%
telemetry-examples.yaml.po, 2, 2, 2, 2, 0%
